<?xml version="1.0" encoding="UTF-8"?>
<!DOCTYPE generatorConfiguration
        PUBLIC "-//mybatis.org//DTD MyBatis Generator Configuration 1.0//EN"
        "http://mybatis.org/dtd/mybatis-generator-config_1_0.dtd">
<generatorConfiguration>
    <context id="MysqlContext" targetRuntime="MyBatis3" defaultModelType="flat">
        <property name="beginningDelimiter" value="`"/>
        <property name="endingDelimiter" value="`"/>
        <commentGenerator>
            <property name="suppressDate" value="true"/>
        </commentGenerator>
        <jdbcConnection driverClass="com.mysql.cj.jdbc.Driver"
                        connectionURL="jdbc:mysql://localhost:3306/test?serverTimezone=UTC"
                        userId="root"
                        password="">
            <property name="nullCatalogMeansCurrent" value="true"/>
        </jdbcConnection>
        <javaModelGenerator targetPackage="personal.xjl.jerrymouse.entity" targetProject="src/main/java"/>
        <sqlMapGenerator targetPackage="mapper" targetProject="src/main/resources"/>
        <javaClientGenerator targetPackage="personal.xjl.jerrymouse.mapper" targetProject="src/main/java"
                             type="XMLMAPPER"/>
        <!-- ANNOTATEDMAPPER,XMLMAPPER -->
        <!-- sql 占位符，表示所有的表 -->
        <table tableName="admin" schema="test" enableCountByExample="false" enableUpdateByExample="false"
               enableDeleteByExample="false" enableSelectByExample="false"
               selectByExampleQueryId="false">
        </table>
    </context>
</generatorConfiguration>