<?xml version="1.0" encoding="UTF-8" ?>
<!DOCTYPE mapper PUBLIC "-//mybatis.org//DTD Mapper 3.0//EN" "http://mybatis.org/dtd/mybatis-3-mapper.dtd" >
<mapper namespace="personal.xjl.jerrymouse.mapper.CourseMapper" >
  <resultMap id="BaseResultMap" type="personal.xjl.jerrymouse.entity.Course" >
    <!--
      WARNING - @mbggenerated
      This element is automatically generated by MyBatis Generator, do not modify.
    -->
    <id column="Id" property="id" jdbcType="INTEGER" />
    <result column="name" property="name" jdbcType="VARCHAR" />
    <result column="teacher_id" property="teacherId" jdbcType="INTEGER" />
  </resultMap>
  <sql id="Base_Column_List" >
    <!--
      WARNING - @mbggenerated
      This element is automatically generated by MyBatis Generator, do not modify.
    -->
    Id, name, teacher_id
  </sql>
  <select id="selectByPrimaryKey" resultMap="BaseResultMap" parameterType="java.lang.Integer" >
    <!--
      WARNING - @mbggenerated
      This element is automatically generated by MyBatis Generator, do not modify.
    -->
    select 
    <include refid="Base_Column_List" />
    from course
    where Id = #{id,jdbcType=INTEGER}
  </select>
  <delete id="deleteByPrimaryKey" parameterType="java.lang.Integer" >
    <!--
      WARNING - @mbggenerated
      This element is automatically generated by MyBatis Generator, do not modify.
    -->
    delete from course
    where Id = #{id,jdbcType=INTEGER}
  </delete>
  <insert id="insert" parameterType="personal.xjl.jerrymouse.entity.Course" >
    <!--
      WARNING - @mbggenerated
      This element is automatically generated by MyBatis Generator, do not modify.
    -->
    insert into course (Id, name, teacher_id
      )
    values (#{id,jdbcType=INTEGER}, #{name,jdbcType=VARCHAR}, #{teacherId,jdbcType=INTEGER}
      )
  </insert>
  <insert id="insertSelective" parameterType="personal.xjl.jerrymouse.entity.Course" >
    <!--
      WARNING - @mbggenerated
      This element is automatically generated by MyBatis Generator, do not modify.
    -->
    insert into course
    <trim prefix="(" suffix=")" suffixOverrides="," >
      <if test="id != null" >
        Id,
      </if>
      <if test="name != null" >
        name,
      </if>
      <if test="teacherId != null" >
        teacher_id,
      </if>
    </trim>
    <trim prefix="values (" suffix=")" suffixOverrides="," >
      <if test="id != null" >
        #{id,jdbcType=INTEGER},
      </if>
      <if test="name != null" >
        #{name,jdbcType=VARCHAR},
      </if>
      <if test="teacherId != null" >
        #{teacherId,jdbcType=INTEGER},
      </if>
    </trim>
  </insert>
  <update id="updateByPrimaryKeySelective" parameterType="personal.xjl.jerrymouse.entity.Course" >
    <!--
      WARNING - @mbggenerated
      This element is automatically generated by MyBatis Generator, do not modify.
    -->
    update course
    <set >
      <if test="name != null" >
        name = #{name,jdbcType=VARCHAR},
      </if>
      <if test="teacherId != null" >
        teacher_id = #{teacherId,jdbcType=INTEGER},
      </if>
    </set>
    where Id = #{id,jdbcType=INTEGER}
  </update>
  <update id="updateByPrimaryKey" parameterType="personal.xjl.jerrymouse.entity.Course" >
    <!--
      WARNING - @mbggenerated
      This element is automatically generated by MyBatis Generator, do not modify.
    -->
    update course
    set name = #{name,jdbcType=VARCHAR},
      teacher_id = #{teacherId,jdbcType=INTEGER}
    where Id = #{id,jdbcType=INTEGER}
  </update>
<!--  <select id="queryAll" resultMap="BaseResultMap" parameterType="java.lang.Integer" >-->
<!--    &lt;!&ndash;-->
<!--      WARNING - @mbggenerated-->
<!--      This element is automatically generated by MyBatis Generator, do not modify.-->
<!--    &ndash;&gt;-->
<!--    select-->
<!--    <include refid="Base_Column_List" />-->
<!--    from course-->

<!--  </select>-->


</mapper>