<?xml version="1.0" encoding="UTF-8"?>
<!DOCTYPE mapper PUBLIC "-//mybatis.org//DTD Mapper 3.0//EN" "http://mybatis.org/dtd/mybatis-3-mapper.dtd">
<mapper namespace="personal.xjl.jerrymouse.mapper.ScoreMapper">
  <resultMap id="BaseResultMap" type="personal.xjl.jerrymouse.entity.Score">
    <!--
      WARNING - @mbggenerated
      This element is automatically generated by MyBatis Generator, do not modify.
    -->
    <id column="Id" jdbcType="INTEGER" property="id" />
    <result column="student_id" jdbcType="INTEGER" property="studentId" />
    <result column="course_id" jdbcType="INTEGER" property="courseId" />
    <result column="score" jdbcType="DOUBLE" property="score" />
  </resultMap>
  <sql id="Base_Column_List">
    <!--
      WARNING - @mbggenerated
      This element is automatically generated by MyBatis Generator, do not modify.
    -->
    Id, student_id, course_id, score
  </sql>
  <select id="selectByPrimaryKey" parameterType="java.lang.Integer" resultMap="BaseResultMap">
    <!--
      WARNING - @mbggenerated
      This element is automatically generated by MyBatis Generator, do not modify.
    -->
    select 
    <include refid="Base_Column_List" />
    from score
    where Id = #{id,jdbcType=INTEGER}
  </select>
  <delete id="deleteByPrimaryKey" parameterType="java.lang.Integer">
    <!--
      WARNING - @mbggenerated
      This element is automatically generated by MyBatis Generator, do not modify.
    -->
    delete from score
    where Id = #{id,jdbcType=INTEGER}
  </delete>
  <insert id="insert" parameterType="personal.xjl.jerrymouse.entity.Score">
    <!--
      WARNING - @mbggenerated
      This element is automatically generated by MyBatis Generator, do not modify.
    -->
    insert into score (Id, student_id, course_id, 
      score)
    values (#{id,jdbcType=INTEGER}, #{studentId,jdbcType=INTEGER}, #{courseId,jdbcType=INTEGER}, 
      #{score,jdbcType=DOUBLE})
  </insert>
  <insert id="insertSelective" parameterType="personal.xjl.jerrymouse.entity.Score">
    <!--
      WARNING - @mbggenerated
      This element is automatically generated by MyBatis Generator, do not modify.
    -->
    insert into score
    <trim prefix="(" suffix=")" suffixOverrides=",">
      <if test="id != null">
        Id,
      </if>
      <if test="studentId != null">
        student_id,
      </if>
      <if test="courseId != null">
        course_id,
      </if>
      <if test="score != null">
        score,
      </if>
    </trim>
    <trim prefix="values (" suffix=")" suffixOverrides=",">
      <if test="id != null">
        #{id,jdbcType=INTEGER},
      </if>
      <if test="studentId != null">
        #{studentId,jdbcType=INTEGER},
      </if>
      <if test="courseId != null">
        #{courseId,jdbcType=INTEGER},
      </if>
      <if test="score != null">
        #{score,jdbcType=DOUBLE},
      </if>
    </trim>
  </insert>
  <update id="updateByPrimaryKeySelective" parameterType="personal.xjl.jerrymouse.entity.Score">
    <!--
      WARNING - @mbggenerated
      This element is automatically generated by MyBatis Generator, do not modify.
    -->
    update score
    <set>
      <if test="studentId != null">
        student_id = #{studentId,jdbcType=INTEGER},
      </if>
      <if test="courseId != null">
        course_id = #{courseId,jdbcType=INTEGER},
      </if>
      <if test="score != null">
        score = #{score,jdbcType=DOUBLE},
      </if>
    </set>
    where Id = #{id,jdbcType=INTEGER}
  </update>
  <update id="updateByPrimaryKey" parameterType="personal.xjl.jerrymouse.entity.Score">
    <!--
      WARNING - @mbggenerated
      This element is automatically generated by MyBatis Generator, do not modify.
    -->
    update score
    set student_id = #{studentId,jdbcType=INTEGER},
      course_id = #{courseId,jdbcType=INTEGER},
      score = #{score,jdbcType=DOUBLE}
    where Id = #{id,jdbcType=INTEGER}
  </update>
</mapper>