<?xml version="1.0" encoding="UTF-8"?>
<!DOCTYPE mapper PUBLIC "-//mybatis.org//DTD Mapper 3.0//EN" "http://mybatis.org/dtd/mybatis-3-mapper.dtd">
<mapper namespace="personal.xjl.jerrymouse.mapper.StudentMapper">
 <!-- <resultMap id="BaseResultMap" type="personal.xjl.jerrymouse.entity.Student">
    &lt;!&ndash;
      WARNING - @mbggenerated
      This element is automatically generated by MyBatis Generator, do not modify.
    &ndash;&gt;
    <id column="Id" jdbcType="INTEGER" property="id" />
    <result column="name" jdbcType="VARCHAR" property="name" />
    <result column="password" jdbcType="VARCHAR" property="password" />
    <result column="sex" jdbcType="INTEGER" property="sex" />
    <result column="clazz" jdbcType="VARCHAR" property="clazz" />
    <result column="birthday" jdbcType="VARCHAR" property="birthday" />
  </resultMap>
  <sql id="Base_Column_List">
    &lt;!&ndash;
      WARNING - @mbggenerated
      This element is automatically generated by MyBatis Generator, do not modify.
    &ndash;&gt;
    Id, name, password, sex, clazz, birthday
  </sql>
  <sql id="Base_Column_List_five">
    &lt;!&ndash;
      WARNING - @mbggenerated
      This element is automatically generated by MyBatis Generator, do not modify.
    &ndash;&gt;
    Id, name, password, sex, clazz
  </sql>
  <select id="selectByPrimaryKey" parameterType="java.lang.Integer" resultMap="BaseResultMap">
    &lt;!&ndash;
      WARNING - @mbggenerated
      This element is automatically generated by MyBatis Generator, do not modify.
    &ndash;&gt;
    select 
    <include refid="Base_Column_List" />
    from student
    where Id = #{id,jdbcType=INTEGER}
  </select>
  <delete id="deleteByPrimaryKey" parameterType="java.lang.Integer">
    &lt;!&ndash;
      WARNING - @mbggenerated
      This element is automatically generated by MyBatis Generator, do not modify.
    &ndash;&gt;
    delete from student
    where Id = #{id,jdbcType=INTEGER}
  </delete>
&lt;!&ndash;  <insert id="insert" parameterType="personal.xjl.jerrymouse.entity.Student">
    &lt;!&ndash;
      WARNING - @mbggenerated
      This element is automatically generated by MyBatis Generator, do not modify.
    &ndash;&gt;
    insert into student (Id, name, password,
      sex, clazz, birthday
      )
    values (#{id,jdbcType=INTEGER}, #{name,jdbcType=VARCHAR}, #{password,jdbcType=VARCHAR},
      #{sex,jdbcType=INTEGER}, #{clazz,jdbcType=VARCHAR}, #{birthday,jdbcType=VARCHAR}
      )
  </insert>&ndash;&gt;
  <insert id="insertSelective" parameterType="personal.xjl.jerrymouse.entity.Student">
    &lt;!&ndash;
      WARNING - @mbggenerated
      This element is automatically generated by MyBatis Generator, do not modify.
    &ndash;&gt;
    insert into student
    <trim prefix="(" suffix=")" suffixOverrides=",">
      <if test="id != null">
        Id,
      </if>
      <if test="name != null">
        name,
      </if>
      <if test="password != null">
        password,
      </if>
      <if test="sex != null">
        sex,
      </if>
      <if test="clazz != null">
        clazz,
      </if>
      <if test="birthday != null">
        birthday,
      </if>
    </trim>
    <trim prefix="values (" suffix=")" suffixOverrides=",">
      <if test="id != null">
        #{id,jdbcType=INTEGER},
      </if>
      <if test="name != null">
        #{name,jdbcType=VARCHAR},
      </if>
      <if test="password != null">
        #{password,jdbcType=VARCHAR},
      </if>
      <if test="sex != null">
        #{sex,jdbcType=INTEGER},
      </if>
      <if test="clazz != null">
        #{clazz,jdbcType=VARCHAR},
      </if>
      <if test="birthday != null">
        #{birthday,jdbcType=VARCHAR},
      </if>
    </trim>
  </insert>
  <update id="updateByPrimaryKeySelective" parameterType="personal.xjl.jerrymouse.entity.Student">
    &lt;!&ndash;
      WARNING - @mbggenerated
      This element is automatically generated by MyBatis Generator, do not modify.
    &ndash;&gt;
    update student
    <set>
      <if test="name != null">
        name = #{name,jdbcType=VARCHAR},
      </if>
      <if test="password != null">
        password = #{password,jdbcType=VARCHAR},
      </if>
      <if test="sex != null">
        sex = #{sex,jdbcType=INTEGER},
      </if>
      <if test="clazz != null">
        clazz = #{clazz,jdbcType=VARCHAR},
      </if>
      <if test="birthday != null">
        birthday = #{birthday,jdbcType=VARCHAR},
      </if>
    </set>
    where Id = #{id,jdbcType=INTEGER}
  </update>
  <update id="updateByPrimaryKey" parameterType="personal.xjl.jerrymouse.entity.Student">
    &lt;!&ndash;
      WARNING - @mbggenerated
      This element is automatically generated by MyBatis Generator, do not modify.
    &ndash;&gt;
    update student
    set name = #{name,jdbcType=VARCHAR},
      password = #{password,jdbcType=VARCHAR},
      sex = #{sex,jdbcType=INTEGER},
      clazz = #{clazz,jdbcType=VARCHAR},
      birthday = #{birthday,jdbcType=VARCHAR}
    where Id = #{id,jdbcType=INTEGER}
  </update>
    <select id="queryAll" resultMap="BaseResultMap" resultType="personal.xjl.jerrymouse.entity.Student">
        select
        <include refid="Base_Column_List" />
      from student
    </select>

    <insert id="insert">
        insert into student(name,PASSWORD,sex,clazz,birthday) values(#{name},#{password},#{sex},#{clazz},#{birthday})
    </insert>-->
</mapper>