<?xml version="1.0" encoding="UTF-8" ?>
<!DOCTYPE mapper PUBLIC "-//mybatis.org//DTD Mapper 3.0//EN" "http://mybatis.org/dtd/mybatis-3-mapper.dtd" >
<mapper namespace="personal.xjl.jerrymouse.mapper.TeacherMapper" >
  <resultMap id="BaseResultMap" type="personal.xjl.jerrymouse.entity.Teacher" >
    <!--
      WARNING - @mbggenerated
      This element is automatically generated by MyBatis Generator, do not modify.
    -->
    <id column="Id" property="id" jdbcType="INTEGER" />
    <result column="name" property="name" jdbcType="VARCHAR" />
    <result column="password" property="password" jdbcType="VARCHAR" />
    <result column="sex" property="sex" jdbcType="INTEGER" />
    <result column="birthday" property="birthday" jdbcType="VARCHAR" />
    <result column="course_id" property="courseId" jdbcType="INTEGER" />
    <result column="professional" property="professional" jdbcType="VARCHAR" />
<!--    <result column="cname" property="cname" jdbcType="VARCHAR" />-->
    <association column="course_id" property="course" javaType="personal.xjl.jerrymouse.entity.Course" select="personal.xjl.jerrymouse.mapper.CourseMapper.selectByPrimaryKey">
      <id column="Id" property="id" jdbcType="INTEGER"/>
      <result column="name" property="name" jdbcType="VARCHAR"/>
    </association>
  </resultMap>
  <sql id="Base_Column_List" >
    <!--
      WARNING - @mbggenerated
      This element is automatically generated by MyBatis Generator, do not modify.
    -->
    Id, name, password, sex, birthday, course_id, professional
  </sql>
  <select id="selectByPrimaryKey" resultMap="BaseResultMap" parameterType="java.lang.Integer" >
    <!--
      WARNING - @mbggenerated
      This element is automatically generated by MyBatis Generator, do not modify.
    -->
    select 
    <include refid="Base_Column_List" />
    from teacher
    where Id = #{id,jdbcType=INTEGER}
  </select>
  <delete id="deleteByPrimaryKey" parameterType="java.lang.Integer" >
    <!--
      WARNING - @mbggenerated
      This element is automatically generated by MyBatis Generator, do not modify.
    -->
    delete from teacher
    where Id = #{id,jdbcType=INTEGER}
  </delete>
  <insert id="insert" parameterType="personal.xjl.jerrymouse.entity.Teacher" >
    <!--
      WARNING - @mbggenerated
      This element is automatically generated by MyBatis Generator, do not modify.
    -->
    insert into teacher (Id, name, password, 
      sex, birthday, course_id, 
      professional)
    values (#{id,jdbcType=INTEGER}, #{name,jdbcType=VARCHAR}, #{password,jdbcType=VARCHAR}, 
      #{sex,jdbcType=INTEGER}, #{birthday,jdbcType=VARCHAR}, #{courseId,jdbcType=INTEGER}, 
      #{professional,jdbcType=VARCHAR})
  </insert>
  <insert id="insertSelective" parameterType="personal.xjl.jerrymouse.entity.Teacher" >
    <!--
      WARNING - @mbggenerated
      This element is automatically generated by MyBatis Generator, do not modify.
    -->
    insert into teacher
    <trim prefix="(" suffix=")" suffixOverrides="," >
      <if test="id != null" >
        Id,
      </if>
      <if test="name != null" >
        name,
      </if>
      <if test="password != null" >
        password,
      </if>
      <if test="sex != null" >
        sex,
      </if>
      <if test="birthday != null" >
        birthday,
      </if>
      <if test="courseId != null" >
        course_id,
      </if>
      <if test="professional != null" >
        professional,
      </if>
    </trim>
    <trim prefix="values (" suffix=")" suffixOverrides="," >
      <if test="id != null" >
        #{id,jdbcType=INTEGER},
      </if>
      <if test="name != null" >
        #{name,jdbcType=VARCHAR},
      </if>
      <if test="password != null" >
        #{password,jdbcType=VARCHAR},
      </if>
      <if test="sex != null" >
        #{sex,jdbcType=INTEGER},
      </if>
      <if test="birthday != null" >
        #{birthday,jdbcType=VARCHAR},
      </if>
      <if test="courseId != null" >
        #{courseId,jdbcType=INTEGER},
      </if>
      <if test="professional != null" >
        #{professional,jdbcType=VARCHAR},
      </if>
    </trim>
  </insert>
  <update id="updateByPrimaryKeySelective" parameterType="personal.xjl.jerrymouse.entity.Teacher" >
    <!--
      WARNING - @mbggenerated
      This element is automatically generated by MyBatis Generator, do not modify.
    -->
    update teacher
    <set >
      <if test="name != null" >
        name = #{name,jdbcType=VARCHAR},
      </if>
      <if test="password != null" >
        password = #{password,jdbcType=VARCHAR},
      </if>
      <if test="sex != null" >
        sex = #{sex,jdbcType=INTEGER},
      </if>
      <if test="birthday != null" >
        birthday = #{birthday,jdbcType=VARCHAR},
      </if>
      <if test="courseId != null" >
        course_id = #{courseId,jdbcType=INTEGER},
      </if>
      <if test="professional != null" >
        professional = #{professional,jdbcType=VARCHAR},
      </if>
    </set>
    where Id = #{id,jdbcType=INTEGER}
  </update>
  <update id="updateByPrimaryKey" parameterType="personal.xjl.jerrymouse.entity.Teacher" >
    <!--
      WARNING - @mbggenerated
      This element is automatically generated by MyBatis Generator, do not modify.
    -->
    update teacher
    set name = #{name,jdbcType=VARCHAR},
      password = #{password,jdbcType=VARCHAR},
      sex = #{sex,jdbcType=INTEGER},
      birthday = #{birthday,jdbcType=VARCHAR},
      course_id = #{courseId,jdbcType=INTEGER},
      professional = #{professional,jdbcType=VARCHAR}
    where Id = #{id,jdbcType=INTEGER}
  </update>
<!--  <select id="queryAll" resultMap="BaseResultMap" parameterType="java.lang.Integer" >-->
<!--    &lt;!&ndash;-->
<!--      WARNING - @mbggenerated-->
<!--      This element is automatically generated by MyBatis Generator, do not modify.-->
<!--    &ndash;&gt;-->

<!--    select t.*,c.name as cname from teacher t,course c where t.course_id=c.id-->

<!--  </select>-->
</mapper>